,Unnamed: 0,Stock1,Stock2,Stock3,Stock4
0,2000-01-01,1.339091087,-0.163643059,-0.646442553,1.041232589
1,2000-01-02,-0.774984089,0.137034364,-0.882715915,-2.25338189
2,2000-01-03,-0.921037168,-0.482943221,-0.417099644,0.478637517
3,2000-01-04,-1.738807548,-0.072973293,0.056516577,0.015084964
4,2000-01-05,-0.905980032,1.778575527,0.381917513,0.291435556
5,2000-01-06,-0.891164753,0.741147445,0.2374822,-1.501908501
6,2000-01-07,1.111132314,0.287674003,0.183011759,1.359046222
7,2000-01-08,-1.290901082,-0.549246793,-0.825183435,0.328940016
8,2000-01-09,-1.689654535,0.818015529,1.137703717,0.334529799
9,2000-01-10,0.416579917,-1.188162164,0.753228675,-0.728224054
10,2000-01-11,0.328968117,-1.087598335,1.352826874,0.99773288
11,2000-01-12,0.263585064,-0.187620087,-1.083475015,-0.099249987
12,2000-01-13,-0.29300724,-0.813710372,2.726992974,1.869973172
13,2000-01-14,1.108677892,-0.33978166,1.923170344,0.156139776
14,2000-01-15,1.818885735,0.979137411,0.554316918,0.564793372
15,2000-01-16,1.027912814,0.419563842,0.684418988,-2.063247981
16,2000-01-17,-0.016772314,0.078901657,-0.27182568,1.955716927
17,2000-01-18,0.430984573,-0.41580265,1.373314845,-0.384551253
18,2000-01-19,-0.032470872,-0.430988282,-0.462091179,-0.111965014
19,2000-01-20,-1.350662917,0.522400414,0.675805569,1.265996266
20,2000-01-21,-3.693201135,0.113584204,-1.396540624,-0.511651831
21,2000-01-22,0.150586043,-0.062599316,-2.156833156,0.371904924
22,2000-01-23,1.250711099,-1.827653382,1.383236108,0.180290444
23,2000-01-24,-0.388994456,-2.232772619,1.463253858,-0.408696316
24,2000-01-25,0.537929145,1.245083648,-1.643805902,1.285649732
25,2000-01-26,0.876444237,0.54112988,-0.11971063,1.496264773
26,2000-01-27,-0.334721127,-0.770385866,-0.322351539,0.024414838
27,2000-01-28,-0.185825611,0.123725882,1.177777093,0.800961743
28,2000-01-29,-0.302942032,0.779980653,-0.18652896,1.200556216
29,2000-01-30,0.391695443,1.857841338,0.841039628,0.816690455
30,2000-01-31,1.53401267,0.341497154,1.654697673,-0.476432446
31,2000-02-01,-0.009653595,0.418320229,1.339987033,0.36980293
32,2000-02-02,-0.518425385,-0.478295862,-1.045842414,-1.315063077
33,2000-02-03,-0.883612289,-0.82500272,0.509919564,0.330263549
34,2000-02-04,-0.409171753,-2.213605376,0.439530652,-0.266009568
35,2000-02-05,-0.156361714,-1.059009424,-1.739454079,0.641480282
36,2000-02-06,0.975060008,-1.165890767,-0.709503437,2.641867644
37,2000-02-07,0.005306757,0.497221892,1.09960578,-0.699163857
38,2000-02-08,0.669252578,0.094332187,-0.382302138,-2.142954525
39,2000-02-09,0.086462689,-2.28948716,-0.426076349,0.193844289
40,2000-02-10,-0.120828665,0.181260786,0.978206504,1.201424155
41,2000-02-11,1.404176793,-0.585269568,-0.036195689,1.14068924
42,2000-02-12,-0.188864105,0.043074229,1.648442425,2.411106113
43,2000-02-13,0.363112455,-0.657738901,-1.2279727,-0.051868701
44,2000-02-14,-0.003067702,0.216070605,0.700053821,-1.760230189
45,2000-02-15,0.154691037,-0.706319274,-1.861527072,0.233640413
46,2000-02-16,-0.410319363,-0.101100518,-0.179478668,-0.760767519
47,2000-02-17,0.129331252,2.522329974,-0.3666588,-0.703584522
48,2000-02-18,1.041715476,-0.77691997,1.525560933,0.162204115
49,2000-02-19,-1.148803717,-1.157793006,1.345498997,-0.037504738
50,2000-02-20,0.20632898,0.549117948,1.357201916,1.285188733
51,2000-02-21,1.300788773,0.294988268,0.253788679,-1.006338949
52,2000-02-22,-0.102333425,1.478065666,-1.675257407,-1.549422886
53,2000-02-23,-0.450007955,-0.026697241,-0.766658744,0.954344431
54,2000-02-24,-0.173048702,-0.633421783,-0.228853393,-1.14836812
55,2000-02-25,0.189555422,0.097300019,0.429439458,0.975415441
56,2000-02-26,0.012943375,-1.096171463,-0.690868286,-1.073525246
57,2000-02-27,0.159603789,1.057105684,-1.45339983,-1.355561657
58,2000-02-28,0.59283084,0.463887689,0.727880443,-1.096481041
59,2000-02-29,0.816385771,-1.074844184,-0.069381053,-0.043903795
60,2000-03-01,-0.790836071,-0.291332718,-1.555071972,-0.16554332
61,2000-03-02,-2.098143438,-0.594110969,-0.295181378,-0.215910039
62,2000-03-03,-0.166839666,0.47767554,-0.119423784,-0.546515994
63,2000-03-04,-0.919355854,1.437287555,-1.090472444,-3.016632181
64,2000-03-05,0.746057987,-1.414862408,-0.10215754,0.006394949
65,2000-03-06,0.314422096,-0.489494265,-1.219043178,1.506717513
66,2000-03-07,1.130833947,0.082669692,1.476685277,0.073629642
67,2000-03-08,-0.943512052,0.809377432,0.942978759,-0.167361009
68,2000-03-09,-0.633209585,1.245363499,-0.894465136,0.898132409
69,2000-03-10,-0.38531923,-1.173968609,-1.158731119,-0.054728559
70,2000-03-11,0.524080955,1.105149645,-0.879198446,0.878871812
71,2000-03-12,1.399149225,0.246546742,-0.160808135,-0.078316307
72,2000-03-13,-1.116298925,0.634168271,0.801393106,1.885236624
73,2000-03-14,-0.184073442,1.00834773,1.283722718,0.092003797
74,2000-03-15,0.034715099,-0.510268216,0.713545961,-0.190547106
75,2000-03-16,-0.183217252,-0.631698483,-0.772873633,-0.195735929
76,2000-03-17,-0.558434347,0.292113904,-0.95126178,0.710084964
77,2000-03-18,0.553002285,2.173454339,0.56265988,0.098112401
78,2000-03-19,0.938618237,0.488479217,1.114278305,-1.302644119
79,2000-03-20,0.732363023,-0.09754897,0.290554205,0.237091566
80,2000-03-21,-0.515490223,-0.623351351,0.321587802,0.462336838
81,2000-03-22,0.803201312,-0.781576395,0.735743593,0.006632522
82,2000-03-23,0.970938142,0.167405054,-1.97578738,-0.085354182
83,2000-03-24,0.049374837,-0.608720523,-0.416593585,0.648034854
84,2000-03-25,-0.598910708,0.55702584,1.668360209,0.706000468
85,2000-03-26,-0.709645584,-1.070921744,0.12303853,-1.597267762
86,2000-03-27,-1.009224867,-0.242606584,0.476573526,0.5417816
87,2000-03-28,-0.655135139,1.830656782,1.624091478,0.175557089
88,2000-03-29,-0.399009107,-2.002995618,-2.14183754,0.217973835
89,2000-03-30,0.545870855,1.046029885,0.59014847,-0.333486663
90,2000-03-31,-0.586867318,0.115327823,1.419449802,-1.391711814
91,2000-04-01,1.204682566,0.491473434,0.736980479,0.242558628
92,2000-04-02,-1.368050589,-1.145054746,-0.710295697,0.38332761
93,2000-04-03,-0.651424374,0.199589909,-0.961788315,1.680671339
94,2000-04-04,0.621920783,-0.050193254,-1.013655955,0.74884233
95,2000-04-05,-0.904688402,0.635586402,0.440469546,-0.315943284
96,2000-04-06,0.320426017,-0.323057504,0.840806184,-1.934217207
97,2000-04-07,1.080899977,-0.713176097,-0.016655032,-1.115938063
98,2000-04-08,1.553239321,0.007179598,0.033412194,-1.077337486
99,2000-04-09,-0.804691096,0.356259552,-1.123738588,1.111182424
100,2000-04-10,1.779316969,-0.212030253,-1.628072699,-0.79280493
101,2000-04-11,-0.538878363,-0.971199633,-0.81395407,2.452052106
102,2000-04-12,0.417506956,-0.606108077,-1.11458234,-0.476023207
103,2000-04-13,0.309599644,0.002151254,0.494622613,0.841265373
104,2000-04-14,0.057002371,-1.544585662,-2.225504239,-1.976058917
105,2000-04-15,0.652285275,1.371518103,-0.79266753,0.309217826
106,2000-04-16,-0.554743595,-1.047242361,-2.603835355,0.22637623
107,2000-04-17,1.335646712,-0.311475799,0.223214781,2.825921
108,2000-04-18,0.515476653,1.547401597,-2.163852766,-0.361747641
109,2000-04-19,-0.436323308,-1.163555128,0.070621352,-0.099052879
110,2000-04-20,1.980222949,-0.603404533,1.014979729,0.163597965
111,2000-04-21,-0.162932226,1.361158127,0.845861582,-0.004268509
112,2000-04-22,-1.470098931,2.008772055,-1.445290607,-0.676954957
113,2000-04-23,1.519366624,1.961632543,0.230390803,2.879793058
114,2000-04-24,-0.297726886,0.855218925,-0.446185788,0.209586332
115,2000-04-25,-0.343309017,1.209640282,-0.077749589,-0.647601772
116,2000-04-26,-0.748317307,0.239962073,-0.241610179,0.321594835
117,2000-04-27,-2.21033427,0.033414086,-0.736141916,-1.110030702
118,2000-04-28,1.522018217,0.687082041,-0.262187095,1.151383677
119,2000-04-29,-0.786556183,-1.949055174,0.357532152,0.184251883
120,2000-04-30,-2.30683875,-0.760010343,-0.050061189,-0.813889789
121,2000-05-01,1.37696722,-0.443207454,0.065442414,-0.33082863
122,2000-05-02,-0.557345225,0.244431753,0.142145892,1.23349758
123,2000-05-03,0.730929175,-1.224719971,-1.567026349,-0.85647423
124,2000-05-04,1.157758335,0.789947504,-1.418863277,0.493476074
125,2000-05-05,-0.682219195,-1.394161121,-0.74393135,-1.351291858
126,2000-05-06,0.654338525,-1.085007889,-0.863964267,1.897136879
127,2000-05-07,-0.352114448,-1.431851238,0.228434944,0.485282079
128,2000-05-08,-0.504936056,0.06766411,-0.99336908,0.75746663
129,2000-05-09,0.663962427,2.176588722,1.578423133,1.322677961
130,2000-05-10,-0.026314915,-0.208447527,-0.496568145,0.094386102
131,2000-05-11,0.347223875,-0.736644255,0.628454681,1.087940208
132,2000-05-12,0.009137813,0.626952942,0.37165259,0.289159922
133,2000-05-13,1.123966861,0.408790048,-0.871637338,-0.247392053
134,2000-05-14,0.010586633,0.078659058,-1.103172414,-1.410963409
135,2000-05-15,0.926034371,0.478615562,-0.579207761,1.904811108
136,2000-05-16,-0.639062058,-1.825941747,0.751821959,-1.463291617
137,2000-05-17,-0.849126312,1.904628057,-0.181407127,0.350342053
138,2000-05-18,0.997428407,-0.943764069,0.847215634,0.314972111
139,2000-05-19,0.007936361,0.481202267,-0.686090795,-1.927841284
140,2000-05-20,2.7681106,0.380201459,0.862157442,-1.748787527
141,2000-05-21,-1.100219571,1.325842892,1.028541724,0.061221454
142,2000-05-22,0.334291605,-1.532489419,0.06168676,-0.525311256
143,2000-05-23,-2.311736113,-1.647122065,-0.460466289,2.646368281
144,2000-05-24,-0.374001625,1.052781116,0.889047004,-1.798328412
145,2000-05-25,0.88583795,2.421852609,-1.924293011,0.166982514
146,2000-05-26,0.48947916,0.792640063,0.252872234,0.547325608
147,2000-05-27,-0.39455449,-0.979279224,1.637893409,0.218574178
148,2000-05-28,0.247860169,-0.477826217,0.056682463,0.463195792
149,2000-05-29,0.257223808,-0.431775336,-0.87455995,-0.498603256
150,2000-05-30,-0.569848419,0.149429908,-0.62786319,-1.211457238
151,2000-05-31,0.733407096,2.445328617,0.691858925,-0.316235646
152,2000-06-01,-1.127716431,0.422935296,0.036600195,-0.547357194
153,2000-06-02,-0.462434571,-0.188995819,-0.740854702,-1.003182177
154,2000-06-03,0.534962627,0.935609262,-1.561016636,0.042932291
155,2000-06-04,-0.025459747,2.909306306,0.439365941,2.341730842
156,2000-06-05,-0.615937899,0.753709367,1.234285704,0.509483026
157,2000-06-06,1.098582365,1.552923472,0.282374517,-0.005058624
158,2000-06-07,1.419253891,0.850486607,1.583186738,1.120713604
159,2000-06-08,-0.653672157,0.523064013,-0.139891398,0.86635151
160,2000-06-09,-1.047418123,0.93476074,0.005370385,0.729064962
161,2000-06-10,-0.150072827,1.329421645,1.730017075,0.308778666
162,2000-06-11,-0.147624143,1.178006711,0.881298324,1.0001612
163,2000-06-12,-0.310615901,0.585247843,1.063297605,-0.867802065
164,2000-06-13,0.250686643,-0.626544351,0.303139364,-0.377334469
165,2000-06-14,-2.11033786,-0.170292489,-0.617344095,-0.602816464
166,2000-06-15,-0.499491643,0.465350801,-1.008755305,-0.399363173
167,2000-06-16,-0.955793531,-0.089290729,0.843536288,-1.520861186
168,2000-06-17,1.493866983,-0.722901981,1.195759169,-1.795980677
169,2000-06-18,-0.826853894,3.199850021,-1.228032315,0.365614242
170,2000-06-19,0.131433541,0.468044184,2.517138435,-0.313030796
171,2000-06-20,-0.036636927,-0.942237132,0.294442517,0.979550908
172,2000-06-21,0.681464918,-0.603701167,-0.183732438,0.123917955
173,2000-06-22,0.436290199,0.317416887,0.096353251,0.605805605
174,2000-06-23,-0.677859405,-0.076994969,-1.037168256,-0.106678648
175,2000-06-24,-0.465977999,-0.411259605,-0.125569508,-1.866387666
176,2000-06-25,-0.875974241,0.122211695,0.080220173,-0.215858435
177,2000-06-26,1.406629857,1.283342675,-0.062224146,-0.045635393
178,2000-06-27,1.436203182,-0.683687267,0.836478936,0.576406412
179,2000-06-28,-1.128942705,1.022508024,0.26338998,-0.52842947
180,2000-06-29,1.20579543,-2.233854141,1.338604995,-1.966898622
181,2000-06-30,-0.221408797,0.724260688,0.385665256,-0.900362007
182,2000-07-01,0.885611426,-1.823705252,0.301646149,-1.850820174
183,2000-07-02,0.164324394,-0.151500715,-0.04463913,-0.079856848
184,2000-07-03,0.406644185,0.110691327,-0.923779271,0.382706462
185,2000-07-04,-1.358572307,-0.210365931,-1.243387705,-0.128355524
186,2000-07-05,-0.979710428,-0.034607009,0.085128059,0.340041016
187,2000-07-06,0.008506407,0.670796155,-0.034990817,1.290670048
188,2000-07-07,-0.501081627,-0.380523837,-2.583826352,1.102477479
189,2000-07-08,0.380570097,1.258492622,-0.795461293,0.180816417
190,2000-07-09,-1.171558254,0.326151266,0.49758402,1.589596632
191,2000-07-10,1.535851063,0.873191009,1.186759925,-0.871504491
192,2000-07-11,-0.416393709,-0.811056966,0.878228495,-0.40822247
193,2000-07-12,-2.072605911,0.42262509,-1.870192001,0.988997749
194,2000-07-13,-0.610442492,1.578112603,-1.156864793,-1.756581456
195,2000-07-14,-1.685032394,-1.859185737,-1.465055518,0.3749186
196,2000-07-15,-1.235499968,0.621673219,0.064782757,0.025566322
197,2000-07-16,-1.033157663,0.048321572,-1.864407538,1.284728501
198,2000-07-17,-2.411759668,1.33737431,-1.039430114,-1.438235205
199,2000-07-18,0.041229756,0.060753205,0.709803556,0.106165702
200,2000-07-19,0.671709347,-1.640227103,0.480455821,0.419313399
201,2000-07-20,0.32686415,0.831895186,0.560006877,0.286354656
202,2000-07-21,0.273747913,1.055498899,-0.920225895,1.368004403
203,2000-07-22,1.536995024,0.272350927,0.202862151,-0.340317805
204,2000-07-23,-0.805040229,0.248626541,-0.903542933,-0.410960065
205,2000-07-24,0.461505598,-0.551793373,0.19058645,-0.006462685
206,2000-07-25,1.05106846,0.989072909,0.728809186,0.35184443
207,2000-07-26,1.359566927,0.077655366,1.003468338,0.990613626
208,2000-07-27,-0.796510984,0.706033446,0.058763297,-1.62732265
209,2000-07-28,-0.818988274,0.618420672,-0.975028045,-0.217598683
210,2000-07-29,1.338423003,0.39505295,-0.664066169,0.431621961
211,2000-07-30,1.976993356,-1.286966186,0.796288577,-1.096284689
212,2000-07-31,-2.223966589,-1.182193921,0.934336639,0.407393958
213,2000-08-01,0.476462954,1.409332021,-0.283134232,-1.793020662
214,2000-08-02,-0.408089376,0.976215776,1.047329084,0.220743975
215,2000-08-03,-0.011442199,0.431196445,-0.760817955,1.080255293
216,2000-08-04,-0.07565752,0.426821577,1.490075812,0.152709288
217,2000-08-05,-1.092318156,-0.187645095,-0.332875538,1.663461788
218,2000-08-06,1.433292113,0.548817661,0.1704834,0.890945996
219,2000-08-07,0.073776545,-0.697064091,-0.231119844,0.851959126
220,2000-08-08,-1.527379716,-0.898876348,0.319902186,0.060887921
221,2000-08-09,1.582104536,1.081849274,-2.098950465,0.81206028
222,2000-08-10,0.510449642,1.551218947,0.163009292,2.182940951
223,2000-08-11,-0.510433845,0.608076072,0.226277743,0.301783114
224,2000-08-12,0.238585778,0.454609269,-0.746729569,0.611892475
225,2000-08-13,-0.727323299,0.779986492,0.843389627,0.766860303
226,2000-08-14,0.353475468,-1.63229457,-1.463351534,-1.646703307
227,2000-08-15,-0.187962975,-0.398566239,1.042411075,-0.002539039
228,2000-08-16,0.657289081,0.679139615,1.425337513,1.033521068
229,2000-08-17,0.540377616,-1.009105103,0.676707275,-1.045373053
230,2000-08-18,0.135621421,-1.866887045,-0.335471723,-0.40529814
231,2000-08-19,0.262426713,-1.183323607,-2.231401597,-0.544040434
232,2000-08-20,-1.261516009,0.423380654,-0.777547485,0.465670661
233,2000-08-21,2.158408992,-1.354800725,1.316139918,0.243924103
234,2000-08-22,1.456546063,0.909349197,1.208102494,0.095377862
235,2000-08-23,0.194724419,1.199399564,1.111368512,0.129597556
236,2000-08-24,0.343759658,1.101096327,-0.541503852,-0.493092818
237,2000-08-25,-1.144551761,-0.137902661,-0.361168083,1.054604927
238,2000-08-26,-0.320757507,-0.825758071,0.972265947,-0.99348693
239,2000-08-27,-0.22012457,1.697263601,-1.387350951,2.496387778
240,2000-08-28,-2.133130003,-1.727131283,0.033463887,-0.816555166
241,2000-08-29,-1.891289786,-0.240518105,1.5501295,-0.109924007
242,2000-08-30,0.367533722,0.003299167,1.989878388,-3.110464378
243,2000-08-31,0.763147709,0.426660795,1.194975331,1.023835512
244,2000-09-01,0.238020476,1.394466867,-1.086700634,-0.400863146
245,2000-09-02,0.31812897,-0.549064953,0.577126749,-1.017205188
246,2000-09-03,0.327106175,-0.179567103,-1.350603703,0.571729222
247,2000-09-04,-1.488440793,0.577308691,0.836313044,-0.464965637
248,2000-09-05,-2.365196929,-0.727316198,-0.296164438,0.53755754
249,2000-09-06,-1.195877424,0.865071453,0.589304009,0.139736185
250,2000-09-07,-2.048783683,-0.083822482,0.068002931,-0.070434775
251,2000-09-08,-1.002592497,-1.929233987,0.882663132,1.288629192
252,2000-09-09,1.10912821,0.545844526,0.669678859,1.907871405
253,2000-09-10,0.926012135,0.188863786,-0.823554453,0.614248241
254,2000-09-11,1.442451623,-0.454827784,-0.389276371,-1.919637022
255,2000-09-12,-0.692707502,-0.520163252,-0.273693625,-0.523109917
256,2000-09-13,-0.656796802,0.537826005,0.264985076,0.138986927
257,2000-09-14,0.493671648,-0.241186651,1.091362966,0.832768027
258,2000-09-15,-0.673135821,0.121075944,0.751242706,-0.071841758
259,2000-09-16,0.61861088,1.874856881,1.608593832,1.641789356
260,2000-09-17,1.13644346,-0.291198593,0.040542823,-0.654264944
261,2000-09-18,-1.325064637,0.905023718,-0.303884175,1.320117373
262,2000-09-19,-0.279487833,-1.301785458,1.360642243,0.74149772
263,2000-09-20,0.574305545,-0.040255691,0.916352081,-0.872755592
264,2000-09-21,-0.33047915,1.931093457,-1.253378635,-0.251384313
265,2000-09-22,0.366321985,-0.773986986,-0.438648165,-1.564871146
266,2000-09-23,1.423219107,1.977165621,0.099359601,-1.684854941
267,2000-09-24,0.628148396,-0.95588196,-0.012608841,0.992849532
268,2000-09-25,0.003609118,0.636463049,1.441797413,-0.561678113
269,2000-09-26,0.419144718,-0.721398366,2.07219262,0.834206927
270,2000-09-27,0.667154178,1.57623108,-0.410077039,0.455923108
271,2000-09-28,-0.309024955,0.034096524,-0.72838369,-0.538409399
272,2000-09-29,-0.084636416,1.372794138,0.185468069,-0.147978982
273,2000-09-30,0.06660234,1.82120869,1.537155215,0.275885078
274,2000-10-01,-0.668197419,0.195064281,-0.419171349,-1.300259157
275,2000-10-02,2.120693422,-0.544170196,-1.207810141,0.778639872
276,2000-10-03,-1.337663472,0.512514636,0.570504276,0.429645787
277,2000-10-04,0.482994808,1.493305571,-0.698241411,0.133211893
278,2000-10-05,-1.187352868,-1.857450435,-0.36103735,-0.561987776
279,2000-10-06,-1.054182195,-1.138437533,-0.650433923,0.27043696
280,2000-10-07,1.815474935,-2.162150969,0.053811998,-0.402637951
281,2000-10-08,-1.625203887,-2.07922641,-0.861881892,0.871046001
282,2000-10-09,0.32257282,-1.536983376,1.098879071,-1.983980043
283,2000-10-10,0.582647861,0.94638677,0.772444365,-0.968485675
284,2000-10-11,-0.899838445,1.083816799,1.587355223,-0.540338894
285,2000-10-12,0.506787586,-0.718393252,-0.801792539,0.866592596
286,2000-10-13,-1.933687547,-2.028981457,2.431737717,-1.202786534
287,2000-10-14,-1.337034163,-0.137895387,0.15881566,0.742866569
288,2000-10-15,-0.018492216,0.478326908,0.059995987,-1.009170989
289,2000-10-16,0.5432517,1.316007831,-0.24265949,-0.427625047
290,2000-10-17,-0.433422154,-1.658761161,-0.734497068,2.335722876
291,2000-10-18,-0.451956487,0.144868033,-1.026196403,0.986042149
292,2000-10-19,1.143665446,1.500310821,-1.076128065,-0.124627605
293,2000-10-20,0.038641168,0.42844556,-1.161109463,0.192083023
294,2000-10-21,-0.738036432,-0.976829574,0.676810814,-0.392794046
295,2000-10-22,-1.516029928,0.665915298,-0.141214626,-1.904452746
296,2000-10-23,0.690983165,0.626962074,-0.551618705,-0.143559032
297,2000-10-24,0.513519035,-0.290220523,-1.171686842,1.285646005
298,2000-10-25,0.810258431,0.276633454,0.015864327,-2.17126778
299,2000-10-26,1.749207226,-0.216117915,0.050901242,-0.382215618
300,2000-10-27,0.885993871,1.303531277,0.003844682,0.487295307
301,2000-10-28,0.288099446,-1.061296173,-1.219877762,1.036508831
302,2000-10-29,-0.24202845,-2.315235243,-0.012872022,-0.158669222
303,2000-10-30,0.881914141,-0.146451585,-0.286617434,0.645322641
304,2000-10-31,-0.485844673,1.396004317,-1.209462679,-0.680040585
305,2000-11-01,0.760573054,-0.527782532,0.316991748,-0.3600774
306,2000-11-02,-2.852503452,-0.187599413,-0.586204921,-1.038006555
307,2000-11-03,0.370840729,0.034813544,-1.57719519,-1.178780589
308,2000-11-04,0.09390294,0.834253026,1.490490342,-0.180184179
309,2000-11-05,-0.888722338,1.330005493,-1.178797055,0.688325899
310,2000-11-06,0.52807722,1.040784709,1.31570113,0.955102138
311,2000-11-07,0.210814447,1.775643396,-0.100176615,-0.081556414
312,2000-11-08,-0.385224872,0.266555805,-0.039894546,-0.29084289
313,2000-11-09,-1.222431688,-0.413062227,0.661435863,0.549713106
314,2000-11-10,-0.062652407,0.590829251,-0.725694591,0.93558714
315,2000-11-11,0.815846876,0.853559331,2.293408505,-0.640389053
316,2000-11-12,-0.617130012,1.062389865,0.340210977,0.855912299
317,2000-11-13,1.294695558,0.018513437,1.776106485,-1.59148873
318,2000-11-14,-1.511666481,-0.533361477,0.728783877,1.358436128
319,2000-11-15,0.637388153,2.414547804,-0.067281474,1.995621994
320,2000-11-16,0.206661452,-1.017768201,0.557606301,-0.439180886
321,2000-11-17,1.475482383,0.676959875,-0.979735638,2.012714444
322,2000-11-18,1.104585019,1.153737502,-1.215132058,-0.98466589
323,2000-11-19,0.668283581,0.422476688,-0.547216044,0.036185637
324,2000-11-20,-0.880688891,-0.017629955,0.980899243,0.21088683
325,2000-11-21,0.820078667,0.160549911,-1.30689705,-0.902004751
326,2000-11-22,-1.17691056,-0.979488082,0.466340427,-0.065912575
327,2000-11-23,-1.102609544,1.698347919,-2.370201836,-0.447890568
328,2000-11-24,0.788690145,1.274848306,0.424122859,0.936821784
329,2000-11-25,-0.781758784,-0.247452538,-0.578317072,-0.120615295
330,2000-11-26,-2.400572535,1.009343041,1.953698814,-0.269516836
331,2000-11-27,-0.136388672,-0.462285466,-0.578254453,0.203319607
332,2000-11-28,1.39096681,2.233727432,1.129442879,1.40007007
333,2000-11-29,-0.219208851,-0.627134735,-1.749802756,0.469172698
334,2000-11-30,1.691786322,-1.551033543,-0.88945153,0.406767668
335,2000-12-01,0.157367632,0.967923607,-1.181235188,-0.123545739
336,2000-12-02,0.513474381,-0.527944619,0.318536094,1.040012975
337,2000-12-03,-0.204301478,-1.029171282,0.697922858,1.744088205
338,2000-12-04,-1.048770779,-2.401956126,-0.568605592,2.028776334
339,2000-12-05,-0.507951456,-0.930402438,-1.006023724,-0.392934657
340,2000-12-06,0.793004605,0.6967213,0.595055492,-1.544686789
341,2000-12-07,-0.800830066,1.184003517,-1.516752072,0.80327813
342,2000-12-08,-1.152699474,0.819857775,0.519546854,0.058516733
343,2000-12-09,-1.059122991,0.348058298,-0.725751847,-1.339909759
344,2000-12-10,0.693629991,-0.335266013,-0.475303429,-0.171343035
345,2000-12-11,-0.517766019,-0.120482665,-1.557278807,-0.750561936
346,2000-12-12,-2.077401231,-0.322653295,0.271831888,1.632564378
347,2000-12-13,0.259788574,2.390796852,0.074632322,0.226812771
348,2000-12-14,0.25198832,-0.986053426,-0.051861762,1.417117322
349,2000-12-15,-0.029132791,-1.832182582,0.537847917,-1.796530685
350,2000-12-16,-0.448384325,-0.323674013,0.889886252,0.133475787
351,2000-12-17,-0.519816814,0.5374359,-0.495215391,-0.448889861
352,2000-12-18,0.165215221,-0.937914736,-0.1329826,-0.937504789
353,2000-12-19,-0.149540898,0.552742936,0.490211583,-0.593526006
354,2000-12-20,1.370193436,0.591530928,-0.314939359,0.430052797
355,2000-12-21,-0.887647414,2.443514455,-0.634433241,-0.550327416
356,2000-12-22,0.271863285,-0.521198825,0.991488354,0.532596571
357,2000-12-23,-0.390321957,-0.76340967,2.074868935,-0.082047773
358,2000-12-24,-0.844068675,0.509263758,0.751389156,-0.015206404
359,2000-12-25,0.421504923,-0.284360537,-0.998243026,0.885441577
360,2000-12-26,-0.312481242,-1.91035487,0.784717552,1.325960758
361,2000-12-27,1.393613557,0.724450602,0.717224168,1.074819155
362,2000-12-28,-0.578091224,2.469387689,-1.445821201,-0.649219052
363,2000-12-29,0.595991078,0.278061376,2.417984266,0.130979187
364,2000-12-30,1.529119508,-2.047260072,0.203248491,-0.761290313
365,2000-12-31,0.28143129,0.232662864,1.696883981,1.457065708
366,2001-01-01,0.64174389,0.447443724,-0.164966655,1.636369128
367,2001-01-02,0.982499726,-0.160425569,-0.345162219,-0.611851624
368,2001-01-03,-0.629737141,-0.055811146,-2.492253996,1.578219738
369,2001-01-04,0.342441506,0.945311209,-2.08990087,-1.67596394
370,2001-01-05,1.186245094,-2.041272825,-0.08708978,0.772873745
371,2001-01-06,-0.843620709,0.534598083,0.353038641,1.033964529
372,2001-01-07,-0.923246735,0.948915784,-1.689678215,1.208877736
373,2001-01-08,-0.294800751,0.682548944,0.47033929,1.081787426
374,2001-01-09,0.588367325,-0.049755654,-0.427720604,-1.240801601
375,2001-01-10,-0.552090343,-0.650327549,-0.592234229,0.178333301
376,2001-01-11,0.369421407,0.089046401,0.7709171,0.172318917
377,2001-01-12,0.238250735,2.185158528,-0.542785448,-0.740649755
378,2001-01-13,-0.279509475,0.266224682,-0.021411977,-0.762866298
379,2001-01-14,-0.585143128,-1.548296046,-0.31204297,0.351149999
380,2001-01-15,0.598343159,-1.162154072,0.814158089,2.261940167
381,2001-01-16,-1.026381059,-0.502989278,-0.324652003,1.269691242
382,2001-01-17,-0.564180807,0.408698696,-0.694133554,-0.100213291
383,2001-01-18,-1.315348475,0.272884165,-0.248100247,2.562291263
384,2001-01-19,0.108865752,-0.145373728,-1.07260235,-0.022289199
385,2001-01-20,-1.049806169,-0.67745192,1.259771824,1.192554349
386,2001-01-21,0.932281352,-1.080895251,0.32363491,0.281244146
387,2001-01-22,-0.770275425,-0.310473458,0.389499591,0.128164354
388,2001-01-23,-0.090568094,-0.439608116,-0.332651714,-1.114843045
389,2001-01-24,-0.584658112,-0.706890326,0.146431164,0.815687847
390,2001-01-25,-1.526309187,-0.200149428,-0.08889459,-0.884632161
391,2001-01-26,1.881291169,0.308201634,0.227283488,2.414219741
392,2001-01-27,0.169403671,-0.028941519,-0.527809403,0.223950708
393,2001-01-28,-0.329728075,-0.314811999,-0.384019981,-0.126736534
394,2001-01-29,1.540719921,-0.300739498,1.374526881,0.534648336
395,2001-01-30,-0.660551512,0.231568347,-0.509655727,0.623038063
396,2001-01-31,1.250290197,-0.233995447,0.595232302,2.842816136
397,2001-02-01,-0.52961427,-1.108818744,0.406580781,-0.095315471
398,2001-02-02,-0.646195975,-0.507447034,1.245978913,0.352540845
399,2001-02-03,0.08690667,-0.521990583,-0.542268488,-0.366019996
400,2001-02-04,0.957015774,0.448829216,1.404632042,2.370793687
401,2001-02-05,0.478215283,1.008679672,0.2281933,-0.135617563
402,2001-02-06,-0.388666164,-0.138705201,0.97022142,-0.533190686
403,2001-02-07,-1.097093092,-0.516816995,-1.704274771,1.112201382
404,2001-02-08,-0.443885159,1.592734202,0.426017716,-0.063601319
405,2001-02-09,-0.014553063,0.316914952,-0.298995085,1.092615137
406,2001-02-10,-0.132570528,0.391137364,0.110282528,-1.4525796
407,2001-02-11,-0.86018768,-0.781691272,0.781082204,-0.593994156
408,2001-02-12,-0.007787864,-0.673539085,-0.338667302,1.944223558
409,2001-02-13,-1.15476348,0.595335945,-0.19665676,-0.453446268
410,2001-02-14,0.694486463,0.389069196,-0.025902445,-0.926982693
411,2001-02-15,2.101270302,0.47455873,0.902039989,-1.546444416
412,2001-02-16,-0.369594232,0.308445903,-0.257514599,-0.893422306
413,2001-02-17,-0.113872671,1.773288277,-0.161138829,-1.179915786
414,2001-02-18,-0.009254752,0.382176457,0.22543532,-0.540640381
415,2001-02-19,-0.610668951,0.518259678,0.053291534,0.588359889
416,2001-02-20,2.014015696,-0.516919065,0.208224309,-0.583351599
417,2001-02-21,0.596158005,0.04672062,0.946361062,-0.711605802
418,2001-02-22,0.179023145,-0.190274388,0.761636629,-0.084882428
419,2001-02-23,-1.312708195,1.850266628,1.51799373,-0.009305821
420,2001-02-24,1.066796021,0.616388764,0.178537373,-1.441562307
421,2001-02-25,1.650535125,3.071613264,-0.709062814,0.412069391
422,2001-02-26,-0.396465785,0.164581127,1.248284189,-0.58140927
423,2001-02-27,-2.139150309,1.597177846,-0.602882884,1.352525255
424,2001-02-28,-0.229706837,-1.267235121,0.597461419,-0.633716456
425,2001-03-01,1.036613369,-0.147075241,-1.443580382,-1.199481589
426,2001-03-02,-1.56539553,0.336665949,-0.47750834,1.039520221
427,2001-03-03,-0.526866556,-0.820177933,-1.690099834,-0.897023476
428,2001-03-04,0.904171483,0.488589157,-0.164265847,-0.67486585
429,2001-03-05,-0.335103538,-0.861981694,-0.498842639,-0.895670758
430,2001-03-06,0.251390915,0.108232272,-1.383849023,0.841792035
431,2001-03-07,0.152351711,-0.180279631,0.72170887,1.242187309
432,2001-03-08,0.691442305,0.80220699,-0.994747956,0.281902235
433,2001-03-09,-0.671741055,-2.335971066,0.507168377,-1.013456946
434,2001-03-10,1.689453145,1.666825718,-0.694340658,-0.651880297
435,2001-03-11,-1.555181505,-1.629223476,0.081778181,1.43178318
436,2001-03-12,0.582637183,1.121429097,-0.541997222,-1.724695441
437,2001-03-13,0.331208731,1.413700895,0.23726766,-2.280641081
438,2001-03-14,-0.797197355,-0.5043624,-0.790282394,-2.113578186
439,2001-03-15,-0.493260202,1.344971487,0.03948442,0.295363056
440,2001-03-16,0.775323971,-0.37274284,0.949995345,-1.25947434
441,2001-03-17,-1.678971,-0.246358687,0.158668441,1.549105831
442,2001-03-18,-1.52989749,-0.429722881,1.287340283,-1.355823472
443,2001-03-19,-0.761887674,0.321786559,0.164173908,-0.741331979
444,2001-03-20,0.867771315,-0.905919508,0.914303496,1.083816909
445,2001-03-21,0.895823017,2.034499938,-0.137930285,-0.055746815
446,2001-03-22,0.08962374,-0.063439178,-0.00833985,0.615482604
447,2001-03-23,-1.075430163,-1.036849199,-0.090273744,-0.395247536
448,2001-03-24,-0.052611303,0.034483897,0.497478344,0.183423563
449,2001-03-25,0.149874483,-1.247287049,1.432171111,-0.650673879
450,2001-03-26,-0.466457185,-0.765395293,-0.255842963,1.059271896
451,2001-03-27,-1.335908082,-0.747880573,0.761211517,0.686496115
452,2001-03-28,-0.733156314,0.275312604,0.504554809,-0.147635048
453,2001-03-29,-1.614261607,-0.034369643,1.820808347,0.532746138
454,2001-03-30,0.326102904,0.861597982,-0.275968658,1.825484335
455,2001-03-31,0.995697457,-0.308525401,0.044745571,-1.045552078
456,2001-04-01,-0.018167704,-0.243208195,1.106381033,1.2281776
457,2001-04-02,-0.285018282,-0.732534707,-0.279029319,0.154878598
458,2001-04-03,0.052780941,0.014027106,-0.692063522,-0.920827258
459,2001-04-04,0.122520517,-1.061800045,-0.522281972,1.215498398
460,2001-04-05,-2.520533905,-1.003404204,-0.367390043,0.409304355
461,2001-04-06,-0.13694888,-0.464905458,-0.677818027,-0.149238701
462,2001-04-07,1.868760186,-0.262953811,0.708678622,1.355446764
463,2001-04-08,-1.181465524,1.526207299,-0.429982638,2.059924298
464,2001-04-09,-0.638089558,-0.943626583,0.238552255,0.35814941
465,2001-04-10,0.379465182,0.083671293,0.436366441,-0.689487013
466,2001-04-11,0.22649506,-1.1688695,-0.581524652,-0.739044242
467,2001-04-12,0.927954006,-0.424759405,-0.074598245,1.189624336
468,2001-04-13,0.612204289,-0.318405131,-1.138284091,-0.730946641
469,2001-04-14,0.487696291,-0.741039385,1.784185694,-0.10088423
470,2001-04-15,1.84300318,0.117348197,2.559410399,1.182818444
471,2001-04-16,1.428801481,-1.201703454,-1.387380939,-1.561260137
472,2001-04-17,-0.091686126,0.970661941,-0.183274057,-1.233548467
473,2001-04-18,-0.173598905,1.722620221,-0.659990643,0.551079377
474,2001-04-19,1.402047701,0.599768067,-0.777190775,1.29352758
475,2001-04-20,1.966388026,-0.411025229,1.089106386,-0.705411797
476,2001-04-21,-1.692432825,0.149255076,1.174819317,-3.182745971
477,2001-04-22,0.28558186,-0.651396974,-0.488292593,-0.200148523
478,2001-04-23,0.512359838,1.048554139,1.146373787,-0.867573492
479,2001-04-24,-0.257150457,-1.768708884,-1.972938916,-2.265886815
480,2001-04-25,-1.782739865,0.893443945,-0.221193035,-0.355498186
481,2001-04-26,-0.327134286,-0.440645284,-0.467601942,0.049136144
482,2001-04-27,1.51379281,-0.255594809,-0.720781796,0.661086824
483,2001-04-28,1.385260554,0.80285777,1.389888607,-0.897766763
484,2001-04-29,0.917600715,1.593955484,0.34246681,-0.01318387
485,2001-04-30,-0.077988201,1.240557497,1.110138949,-1.012431323
486,2001-05-01,-0.624515386,-0.973562224,-0.557829488,-2.960336122
487,2001-05-02,1.680032657,-2.719020376,-1.09223253,-0.960956111
488,2001-05-03,0.478553899,1.560923021,-0.653688122,0.851002778
489,2001-05-04,1.589852737,-0.245460162,-0.063658166,-0.886330965
490,2001-05-05,0.689752711,0.797654561,-0.048255002,0.96319697
491,2001-05-06,-0.864102911,1.555490368,1.019560432,1.248036441
492,2001-05-07,0.281463876,-0.942063318,0.014175879,1.866015068
493,2001-05-08,2.183146616,-0.912369638,0.726968507,-0.991264503
494,2001-05-09,-0.015657196,-1.250521653,-0.550249301,-1.30716005
495,2001-05-10,0.027746428,-0.883201901,1.126640702,-0.127151744
496,2001-05-11,-1.243885882,-0.479060782,-0.012738551,-1.186185593
497,2001-05-12,-0.19265962,0.28486167,-0.208176316,0.511087902
498,2001-05-13,0.74352127,-0.201124625,1.101400616,-0.182940506
499,2001-05-14,-0.879858077,-1.430445272,-1.020248377,1.655219758
500,2001-05-15,0.407898397,0.039498198,0.435157133,0.495729269
501,2001-05-16,-0.485696912,0.04303737,-1.284351496,-0.103857127
502,2001-05-17,1.360017445,0.497565055,1.005035179,0.718585087
503,2001-05-18,1.141089972,-1.220366567,3.210232779,-1.934201347
504,2001-05-19,0.241358117,-0.262070833,-1.562415862,-1.201528079
505,2001-05-20,0.172708583,-1.031790275,-2.192151305,0.661056358
506,2001-05-21,-0.442762521,-0.339283477,0.909313913,-1.050572746
507,2001-05-22,-1.750941082,0.131436837,0.40669841,1.559043813
508,2001-05-23,-0.840784029,1.050007576,0.208757121,-0.724185779
509,2001-05-24,-0.004119179,-0.234672065,-0.038143068,-0.057716958
510,2001-05-25,1.468894461,0.877865703,-0.279025816,-0.181339263
511,2001-05-26,0.666477832,0.46917834,1.410049626,-0.032094421
512,2001-05-27,0.234371041,0.663354855,0.008153441,-1.177331082
513,2001-05-28,-0.294311195,1.6237778,2.494532195,0.80262439
514,2001-05-29,2.213288657,-1.065767598,0.920545109,0.140740843
515,2001-05-30,0.327320095,-0.713543941,0.955849683,-0.768112491
516,2001-05-31,0.360824348,-0.786052004,0.955523663,-0.584412854
517,2001-06-01,-1.400429289,0.510192578,-0.381077692,2.404615664
518,2001-06-02,0.329252339,0.93301908,0.705768419,0.054104088
519,2001-06-03,-0.161434684,-0.511736072,-0.527536344,0.69645751
520,2001-06-04,0.101839069,-0.32042827,-0.087796498,0.02303414
521,2001-06-05,0.930125437,0.226463702,0.114592875,-0.775970805
522,2001-06-06,0.530619979,0.380991807,-0.314302867,0.441839244
523,2001-06-07,1.014501214,-0.000619215,-0.753514351,-2.012226339
524,2001-06-08,0.326037702,-0.603547507,0.03444817,-0.331108961
525,2001-06-09,0.420251074,0.675364756,0.721162602,-0.867970428
526,2001-06-10,-0.899972116,0.775597933,-0.251300981,0.239015102
527,2001-06-11,2.100026418,1.924575975,-0.576086698,-0.610919189
528,2001-06-12,0.689257843,0.969406643,0.57967008,-0.1257771
529,2001-06-13,-1.290551868,0.374960695,-1.182040661,-0.210215205
530,2001-06-14,-0.378231283,0.339299427,0.007935023,0.027444661
531,2001-06-15,-0.097229367,-0.524227635,-0.670454841,1.518971423
532,2001-06-16,0.103446909,-1.690877246,0.192725586,-1.156066669
533,2001-06-17,0.665879059,-1.009769706,0.015733874,-1.019029637
534,2001-06-18,-0.387707219,-0.445979787,-0.912892537,-0.588098043
535,2001-06-19,-1.226921593,0.62231033,0.027308169,-1.403173225
536,2001-06-20,1.600090501,-1.184952895,-1.73592213,-1.547919226
537,2001-06-21,1.546293307,-1.094857794,0.847360424,0.030854979
538,2001-06-22,0.308450133,-0.010440987,-1.033586989,1.428005411
539,2001-06-23,-0.428849716,-0.096295497,0.90775846,0.768799524
540,2001-06-24,0.292580955,0.263580519,2.139654873,1.372337397
541,2001-06-25,-0.282404968,-0.94487178,0.498807055,1.054700341
542,2001-06-26,0.61605284,-1.039698346,-0.969596328,0.45015093
543,2001-06-27,0.186116476,0.072423252,1.473332891,-1.218450331
544,2001-06-28,0.8600896,-0.724084452,-1.143141361,0.39214791
545,2001-06-29,0.226164707,-0.297617524,-0.782798665,0.681899235
546,2001-06-30,-0.390546637,1.135032701,0.555844778,-0.99835036
547,2001-07-01,0.408335385,0.341878085,-0.714315615,-0.290800527
548,2001-07-02,1.419600648,-0.432305044,-0.712980983,1.327953395
549,2001-07-03,0.363338672,-0.173589283,-0.63390237,-1.666404204
550,2001-07-04,-0.114784526,0.573701078,-0.120148118,-0.130716124
551,2001-07-05,-0.839038168,1.809936209,-0.736244963,0.116598804
552,2001-07-06,0.195107848,0.909078416,-1.017484918,-0.980827829
553,2001-07-07,1.069727613,-0.217585689,1.321579763,-1.148713252
554,2001-07-08,-0.255898232,-1.509856898,-0.74867639,0.187469295
555,2001-07-09,-0.942613822,0.095016848,-0.695423822,-0.606109316
556,2001-07-10,-1.071182624,-0.351481371,-0.132108671,0.523501564
557,2001-07-11,-1.047940547,-0.040594214,0.393891063,-0.155263172
558,2001-07-12,0.800137843,1.484388067,-1.464930489,-0.767856817
559,2001-07-13,0.218472892,1.231023352,0.180333798,-2.271372211
560,2001-07-14,-1.300549385,-0.729522792,-0.514018975,0.318153113
561,2001-07-15,-0.725808805,-0.035713885,-0.664911451,0.471883059
562,2001-07-16,-0.223671698,1.197455024,-1.448338879,-0.477995351
563,2001-07-17,-0.643202184,-1.156094551,-0.359480806,0.008295346
564,2001-07-18,2.52788799,-0.490425819,-0.696251703,-0.714082619
565,2001-07-19,0.564432681,-0.84477029,-2.151843818,-0.45336261
566,2001-07-20,-0.128041174,-0.902300969,1.329346561,0.078336993
567,2001-07-21,-0.556719301,-0.980583072,-0.453949599,0.634459042
568,2001-07-22,0.815304593,-0.703895074,0.718922737,1.222367019
569,2001-07-23,0.349306242,0.915521773,0.930847218,0.123955579
570,2001-07-24,-0.616575546,-0.766029659,0.929682839,1.200873306
571,2001-07-25,-1.663440085,-0.193659553,-1.493432197,0.145556823
572,2001-07-26,0.104363034,-1.284164088,0.89662818,-1.930556136
573,2001-07-27,-0.609751839,-0.716739728,0.558902949,0.320290019
574,2001-07-28,-1.104223736,-0.875773597,-0.220371975,2.557317647
575,2001-07-29,-1.127310022,1.648661368,0.601529979,0.767229278
576,2001-07-30,-0.698845505,-0.532979269,0.044034467,-0.535557676
577,2001-07-31,-0.306974231,-0.341544003,0.497677757,0.487866425
578,2001-08-01,1.621439033,-1.797613057,-1.470041249,-1.483756774
579,2001-08-02,-0.682598301,-0.288634388,-0.452026393,1.115633519
580,2001-08-03,-1.098319485,0.72290168,0.945111397,0.645948496
581,2001-08-04,0.258374012,-0.087301222,1.166068885,-0.180011425
582,2001-08-05,0.292936544,0.727212223,-0.968856903,-0.940525652
583,2001-08-06,-0.280133167,-0.346711978,-0.461667005,-1.950355109
584,2001-08-07,-0.146658229,0.105065401,-1.08626343,-2.320420666
585,2001-08-08,-1.867568234,-0.577820449,0.41366108,1.096304813
586,2001-08-09,-1.378365591,0.068598458,0.0097434,2.340132452
587,2001-08-10,-0.190885326,-0.122751349,0.058910092,-0.114788543
588,2001-08-11,0.662060542,0.962985571,1.889159627,0.399341664
589,2001-08-12,1.27992822,0.706863972,0.862620852,0.530195579
590,2001-08-13,-0.981767938,1.146876427,1.014205066,-0.129320127
591,2001-08-14,0.841076475,1.242277618,-0.250550402,0.679996365
592,2001-08-15,1.266389349,-0.759637278,1.050777273,0.970962373
593,2001-08-16,0.891686746,-0.518059894,-0.452628634,-0.068660054
594,2001-08-17,-0.362251192,0.260331169,-1.161463074,-0.399264292
595,2001-08-18,-0.849314388,1.164646146,0.93247413,0.75799178
596,2001-08-19,0.486243268,0.80167326,0.44380021,-0.099495938
597,2001-08-20,-0.193482496,-0.068678838,0.078842231,-0.89980948
598,2001-08-21,-0.821936334,0.716530096,0.30143426,-0.553857741
599,2001-08-22,-0.894984144,0.210140319,-0.63042098,0.361392239
600,2001-08-23,0.421203833,0.055316908,1.169273611,-0.229098961
601,2001-08-24,-1.482286021,-0.669511822,-0.209356206,-0.384269146
602,2001-08-25,-1.405849919,1.278081591,0.129020533,1.110315945
603,2001-08-26,0.816085726,0.00113729,0.013376347,0.719670637
604,2001-08-27,0.314904115,-1.795713055,-0.985528251,1.425943384
605,2001-08-28,0.722518448,1.529287565,0.122048001,1.02244475
606,2001-08-29,-1.111168358,1.108353368,-1.511737887,-0.195840727
607,2001-08-30,0.01589617,1.345762056,-1.256595439,-0.921127674
608,2001-08-31,1.051612428,-1.860459926,1.51274324,-2.31318432
609,2001-09-01,0.712259442,-1.659451941,0.155785731,0.637920142
610,2001-09-02,1.000376496,-1.437011596,0.608583671,2.156880169
611,2001-09-03,0.88590598,1.049967748,-0.341497893,-1.202865403
612,2001-09-04,0.132624218,-0.034527175,-0.219383813,0.027721981
613,2001-09-05,0.275790571,-0.826479824,0.910374124,0.526637858
614,2001-09-06,-0.521549536,-1.296189228,1.449383511,0.391747607
615,2001-09-07,0.632698375,0.403090051,1.159864757,-0.589617822
616,2001-09-08,-0.24146716,-1.346410657,-0.939734761,0.314808424
617,2001-09-09,0.163943577,-0.820468943,-0.759529047,0.026174822
618,2001-09-10,1.320455048,0.092002903,0.0244682,-0.655367389
619,2001-09-11,0.079205588,0.91658684,1.605170283,0.530093945
620,2001-09-12,-0.879615261,-0.151554183,-0.385067886,-0.96784644
621,2001-09-13,-0.951491446,-1.96662687,-1.324275546,1.430077514
622,2001-09-14,-0.21890901,-0.802524929,-0.204037724,-1.554421106
623,2001-09-15,-0.900572885,-1.86568425,0.052580772,-0.098028151
624,2001-09-16,-0.457004497,0.144391984,0.061501218,-0.157071232
625,2001-09-17,-1.008517194,1.391120459,-0.277962286,-1.5028709
626,2001-09-18,0.452215035,0.912155309,0.92282233,2.520136319
627,2001-09-19,-1.219836604,-0.969339437,0.858545409,-1.206321624
628,2001-09-20,1.09039623,0.24739149,-2.128065628,2.500773794
629,2001-09-21,0.145974198,0.327401779,-0.27170754,-0.340186826
630,2001-09-22,-0.135751331,0.498693316,-0.550898645,-1.406131
631,2001-09-23,-0.36300678,0.604999648,1.588872895,1.692374431
632,2001-09-24,-0.639270431,-1.278946913,-1.222783346,-0.161865729
633,2001-09-25,-1.633002404,0.53663412,-0.008860779,-1.728442909
634,2001-09-26,-0.816861198,-0.731156169,0.420019789,-0.302981132
635,2001-09-27,-0.185613818,0.48155479,-0.420058156,1.445614691
636,2001-09-28,-1.160240006,1.0386155,1.855904685,-1.111097858
637,2001-09-29,-0.075300714,0.085877194,0.650837641,-0.575656233
638,2001-09-30,-0.34100438,0.859908782,0.143823086,0.58149034
639,2001-10-01,-2.393495121,1.406063929,-1.081182813,-0.011597725
640,2001-10-02,0.500732179,1.063867076,1.056988177,-0.925936362
641,2001-10-03,1.286338409,0.5324062,1.430052063,-0.949680578
642,2001-10-04,0.703805196,-2.117278348,0.300908753,-0.649372423
643,2001-10-05,-0.322474359,0.488394285,0.017954515,-0.401934655
644,2001-10-06,0.44113043,-0.165672505,-1.096470778,-0.635075344
645,2001-10-07,0.450161672,0.161491611,-1.501662761,-1.304648335
646,2001-10-08,-1.126649868,0.100732376,0.412045204,-0.10381367
647,2001-10-09,0.614600396,0.327237428,-1.163533103,-1.092423087
648,2001-10-10,1.524476402,0.456086563,1.143912179,0.784716957
649,2001-10-11,-0.552850152,1.128868363,0.276736069,-0.173451133
650,2001-10-12,1.122787423,1.753481247,-2.185621291,-0.094797752
651,2001-10-13,-0.605315176,-1.236498082,-0.536642208,1.974515187
652,2001-10-14,0.813000944,0.217430086,0.436940999,-0.842751579
653,2001-10-15,1.676254889,1.464937806,-2.384478006,-1.09726949
654,2001-10-16,-1.175954906,0.736714982,0.085011654,-0.375360942
655,2001-10-17,0.079380847,-0.025901808,0.252865143,-0.533026203
656,2001-10-18,-1.120619194,1.102770049,0.549963339,1.111159004
657,2001-10-19,-1.975262847,-1.325188334,-0.505537045,0.734064097
658,2001-10-20,-0.160272785,0.582029561,0.167440166,-0.072936635
659,2001-10-21,-1.166799928,0.539995458,-0.042835831,0.353274875
660,2001-10-22,1.313219548,-1.995716352,0.13727116,0.875821809
661,2001-10-23,-0.466221443,-0.026381006,-1.889125691,-0.238116011
662,2001-10-24,-0.627627001,-0.400892143,-0.089966559,1.591600968
663,2001-10-25,0.430952474,0.19595273,-0.287097887,-0.99704199
664,2001-10-26,-0.459024158,0.444653034,1.071506892,-1.467530429
665,2001-10-27,-0.088512446,1.462930026,-0.467375137,-1.726531277
666,2001-10-28,0.953418018,0.261937312,-0.046873559,0.697979291
667,2001-10-29,-0.25248103,1.667139183,-1.908366123,-0.089736524
668,2001-10-30,1.81856173,-0.655929436,1.474306264,-1.456607759
669,2001-10-31,2.226213723,0.650774027,-1.405789903,0.532482331
670,2001-11-01,1.25415988,-0.411654616,-0.80556275,-0.92032065
671,2001-11-02,1.667042617,-0.573970778,-1.097202121,-0.199932855
672,2001-11-03,-0.028488229,0.527436932,-0.055984626,0.794284638
673,2001-11-04,0.544007219,0.56495904,-1.425485006,-2.678608129
674,2001-11-05,0.077748288,0.183895319,-0.11011861,-0.525585905
675,2001-11-06,0.165019613,1.08706554,0.229943181,0.921874974
676,2001-11-07,0.060722387,1.297056586,0.09139516,-0.420031471
677,2001-11-08,-0.591619531,0.30081394,0.403750893,-0.197115656
678,2001-11-09,-0.182170182,1.890724641,-0.187330153,-0.11623549
679,2001-11-10,-1.186747296,0.286321563,-0.252124858,2.045805641
680,2001-11-11,-1.262043614,0.407541856,0.272418076,-0.753526816
681,2001-11-12,-1.037044828,0.307931575,-1.304397163,-0.603339777
682,2001-11-13,0.313204856,0.301853195,1.052883425,0.840150786
683,2001-11-14,-0.27349438,2.00062221,0.262243582,-0.859612707
684,2001-11-15,-0.327456154,0.521366917,1.28277288,-1.771279946
685,2001-11-16,2.105826382,-0.061555644,0.661244736,1.444373497
686,2001-11-17,0.122663555,-0.882464028,1.502396903,1.730546501
687,2001-11-18,-0.73438543,-1.657059219,1.225696017,-1.089167291
688,2001-11-19,0.682647767,-0.027381095,-0.125819721,-0.645754707
689,2001-11-20,-0.670207228,0.833940474,0.218145878,-1.199249117
690,2001-11-21,-1.841570499,-1.210433891,-1.099588591,0.764365363
691,2001-11-22,-0.695051664,-1.00897583,-0.083864433,-1.920632809
692,2001-11-23,0.645116751,0.478041921,0.159760765,-0.728855471
693,2001-11-24,-1.364958313,-0.389356671,-0.887907474,-0.190245511
694,2001-11-25,0.496568667,-2.530952696,0.621591145,0.132248229
695,2001-11-26,0.853589619,-1.749601651,2.188133762,1.561417901
696,2001-11-27,-1.829534009,-0.497092605,-0.539377593,1.054986883
697,2001-11-28,0.229261369,0.949401955,1.048727062,-0.647117703
698,2001-11-29,1.292165764,-0.161215836,-0.67465877,-0.153335363
699,2001-11-30,-0.51196523,1.870759232,0.123355433,-0.419759239
700,2001-12-01,0.229457719,0.402489768,-0.456321047,-0.170125212
701,2001-12-02,-0.026084546,-1.690733026,-1.673693998,1.168806141
702,2001-12-03,1.263139398,-1.424148306,3.342484456,-1.036416251
703,2001-12-04,0.386814694,0.407999531,-0.176160267,-1.952988202
704,2001-12-05,-0.127284422,0.167920887,-1.776688124,-0.280213118
705,2001-12-06,1.472319342,-0.253004179,-0.189257838,1.133697095
706,2001-12-07,-0.699009483,0.664093137,0.770819401,1.099654146
707,2001-12-08,-1.115224107,-0.383846857,1.456792109,1.60174411
708,2001-12-09,0.228724805,-0.091077704,-0.992309204,-1.291216688
709,2001-12-10,0.431010988,0.85406365,-1.089234971,-1.006687627
710,2001-12-11,-0.883455911,-0.376083067,1.387992147,0.111552098
711,2001-12-12,-0.636304796,0.680362058,0.797665649,-2.134076523
712,2001-12-13,1.065282741,-0.299330722,1.117874783,-0.864696334
713,2001-12-14,-0.224022276,-1.043584303,0.616104435,2.412325721
714,2001-12-15,-0.268437158,-0.491640074,-0.628065286,-0.218875266
715,2001-12-16,-0.076822992,0.99775163,1.020903863,-0.280633293
716,2001-12-17,0.867268262,-0.249253992,1.108090099,-0.021325199
717,2001-12-18,-1.157423159,-1.078974318,-0.382770034,0.499296428
718,2001-12-19,0.034684033,2.086956798,1.474657906,0.079121554
719,2001-12-20,0.064676221,-1.153432669,-0.593413925,-0.263294249
720,2001-12-21,-0.143636067,-0.095004316,-0.030645216,-0.497797727
721,2001-12-22,0.561028773,1.311736446,-0.170136599,-1.836068352
722,2001-12-23,-0.351135319,-0.241756501,-0.137714585,0.493995412
723,2001-12-24,-0.098187672,-0.32260155,1.171295339,-0.577784444
724,2001-12-25,0.770341855,-0.808580152,-0.473611118,0.768966017
725,2001-12-26,0.005712726,-0.788077813,-0.597319317,-1.313448153
726,2001-12-27,0.931885919,1.260673323,0.05315891,1.154286991
727,2001-12-28,-0.285345304,-1.982008383,-0.41492897,1.80349892
728,2001-12-29,-0.666276412,-0.460203996,0.75970638,-0.194784521
729,2001-12-30,0.752663109,0.996118897,0.994817321,0.601480142
730,2001-12-31,-1.110700484,1.383374938,-1.300077862,0.983043674
731,2002-01-01,-0.43375771,0.303047136,-0.658110323,1.292400012
732,2002-01-02,-0.650600109,0.127842546,1.834814312,-1.020696089
733,2002-01-03,-1.05003957,-1.514991672,0.814764036,0.648453647
734,2002-01-04,-0.591246849,0.984150122,1.117626224,0.007003998
735,2002-01-05,1.043036511,0.110488538,-0.724076473,0.841824915
736,2002-01-06,-2.582656297,0.503432803,0.428454651,-1.703262222
737,2002-01-07,-0.208328774,0.579361356,0.485834527,1.159673652
738,2002-01-08,-0.780203447,1.392255969,1.538162449,1.326380434
739,2002-01-09,-0.639723987,0.243142518,-0.41200983,-0.01300421
740,2002-01-10,-0.806866428,-1.121563156,0.08681941,0.478244517
741,2002-01-11,-0.113374922,-0.775137236,0.475455869,-2.591955798
742,2002-01-12,0.35822254,-0.87746588,1.702050635,-0.045011626
743,2002-01-13,0.574208302,0.283663027,-0.116579646,-0.5974591
744,2002-01-14,-0.095963751,-0.160406882,0.001042117,0.337990838
745,2002-01-15,-0.485467253,-1.02523187,2.164941922,0.803982353
746,2002-01-16,-0.434997224,-0.317772937,-1.869600476,0.536095284
747,2002-01-17,1.114567087,1.099015477,0.614546348,2.350507808
748,2002-01-18,0.542065062,0.599419252,1.701399002,1.705189965
749,2002-01-19,-2.690286762,1.45855683,0.195323271,-0.30411406
750,2002-01-20,0.63246082,-0.471863549,-0.356045668,-0.565217496
751,2002-01-21,-1.86567089,0.581757048,-1.508820817,-2.836327463
752,2002-01-22,0.938911441,0.557793035,1.909166587,0.760978029
753,2002-01-23,-0.957105503,-0.082197861,0.578971034,-0.424973998
754,2002-01-24,0.6477268,0.821200246,1.430540065,-0.280260137
755,2002-01-25,-0.322519045,0.418567248,-0.425978551,-0.060102496
756,2002-01-26,0.411308529,0.533937034,-0.848368519,1.52824853
757,2002-01-27,0.269201095,0.20684073,1.123023059,1.435392261
758,2002-01-28,-0.242679942,-1.423233806,-0.33547479,-1.252950927
759,2002-01-29,-0.117671231,-0.814425102,-0.352944352,-0.287693163
760,2002-01-30,-1.347062898,-0.983731752,0.651127338,-0.132286402
761,2002-01-31,0.239507147,-0.040716178,-1.436451119,0.183277523
762,2002-02-01,-0.721123444,-0.898962306,1.694173439,-1.570917682
763,2002-02-02,-0.189420322,-0.198472325,-0.690818836,-0.449279355
764,2002-02-03,-0.132800178,0.194611322,0.496351557,0.512112307
765,2002-02-04,-0.911979274,0.652154937,-1.456530028,0.490386605
766,2002-02-05,0.285763416,1.202430413,0.071304652,-0.285184707
767,2002-02-06,-0.527239685,-1.552058577,-0.545242603,1.016414842
768,2002-02-07,0.53320906,-1.792624144,0.249409636,-0.629445133
769,2002-02-08,-0.01168989,0.435173203,0.428508813,-0.083487835
770,2002-02-09,-0.97028511,0.880440526,0.875822807,-1.854863466
771,2002-02-10,-0.278953047,-0.559321074,0.839757707,0.727784344
772,2002-02-11,-1.664338262,0.459468405,-0.682737126,0.302330334
773,2002-02-12,0.049784445,0.68038711,-1.431648358,-0.46570472
774,2002-02-13,1.446212475,0.962620202,1.352501537,-0.827003449
775,2002-02-14,-1.202853994,2.199980333,0.471110621,1.659645932
776,2002-02-15,-0.612523357,0.007453683,-1.877887198,2.209255233
777,2002-02-16,1.960202551,1.701220724,-1.370544365,1.119893926
778,2002-02-17,3.412236268,-1.292606084,0.546363351,0.097304077
779,2002-02-18,0.409287663,-0.802418146,-0.728584841,-2.59635387
780,2002-02-19,-0.33889192,-0.94871934,-0.966526949,-0.805898598
781,2002-02-20,0.612180437,0.916647021,-0.113637525,0.667417836
782,2002-02-21,-0.067090415,0.085059457,3.271578141,-0.044724182
783,2002-02-22,-1.376263228,0.486253712,-0.948946375,0.662739286
784,2002-02-23,0.64436331,-1.185978287,0.113450842,1.151058112
785,2002-02-24,-0.260251372,-0.202888087,0.633285369,-2.27366851
786,2002-02-25,0.074634771,-0.18587663,-1.32617923,-1.067854756
787,2002-02-26,-0.639218016,-0.175082188,-0.75821887,-0.284270724
788,2002-02-27,1.194021619,1.399630835,0.861162696,1.192850757
789,2002-02-28,-0.532852626,0.39729702,-0.972575651,1.06990047
790,2002-03-01,0.009745442,-0.842719691,0.8896585,-0.500297574
791,2002-03-02,0.324667208,-2.455976261,-2.987971139,0.399205724
792,2002-03-03,-0.620578925,0.436235112,-2.071426995,-0.263839148
793,2002-03-04,-0.03227349,1.443486444,0.954298969,-0.124187246
794,2002-03-05,-0.282822709,1.30286514,-1.266642847,0.202349498
795,2002-03-06,0.132276616,-0.395138937,-0.560256799,1.030881983
796,2002-03-07,1.250975563,-1.157466948,0.321592049,0.55086514
797,2002-03-08,0.843235248,0.152641395,0.44297424,1.206531986
798,2002-03-09,-0.08661214,1.377137657,1.293855845,0.564539435
799,2002-03-10,0.654204795,-1.605669271,0.32575983,-0.692392414
800,2002-03-11,0.521605736,-1.058091478,-0.582437395,-0.122809891
801,2002-03-12,0.736050954,-0.203887637,0.495767144,-1.412474972
802,2002-03-13,-0.818971132,0.197771751,1.130561748,0.30044053
803,2002-03-14,0.785574558,-0.420916894,1.217009273,-1.938911931
804,2002-03-15,-0.266607597,-1.971184411,-1.892072707,-0.174882668
805,2002-03-16,0.051541545,-0.200180078,-0.673498377,-0.608249085
806,2002-03-17,1.027790495,0.166103399,0.243020844,-1.248919354
807,2002-03-18,1.605904433,-0.634600716,-0.806293584,-0.032931732
808,2002-03-19,-0.603741862,2.774032009,-2.125686286,0.019261948
809,2002-03-20,0.293302325,0.697619295,2.608705895,1.817866027
810,2002-03-21,-0.720199397,-0.237975719,0.931912249,0.028314125
811,2002-03-22,-0.557245479,0.037053659,1.167826296,0.965384556
812,2002-03-23,0.875898009,0.104454259,-0.539802001,-0.662794332
813,2002-03-24,0.320333022,-1.133015128,0.42964448,-1.225345908
814,2002-03-25,-0.654735782,1.876762704,-1.156083584,1.57053154
815,2002-03-26,0.12962934,-1.14889051,-0.044340755,-0.948068504
816,2002-03-27,0.005718277,1.219071279,-0.276725055,1.224770464
817,2002-03-28,0.290594052,-1.103601162,0.576434161,-1.429910796
818,2002-03-29,2.376207627,-1.464279429,0.511633934,2.151666823
819,2002-03-30,-1.713759656,-1.051855999,-0.131239882,-0.656332733
820,2002-03-31,0.223396956,-0.574564074,-0.73842429,-0.695064016
821,2002-04-01,0.262131472,0.072434385,1.388574361,-1.590627067
822,2002-04-02,-1.065779891,0.166313961,-0.488253295,-0.561363218
823,2002-04-03,0.946367814,-0.832623317,0.270517858,0.438001453
824,2002-04-04,-0.190691248,1.604610473,-0.882906027,-0.913872241
825,2002-04-05,0.076385124,-1.617054023,0.334794359,0.502952213
826,2002-04-06,-1.325138124,-0.475326353,0.421853195,-0.365008732
827,2002-04-07,-1.415360096,0.395943926,-0.167029367,0.296996228
828,2002-04-08,-0.765249965,0.823367163,-1.331658648,0.745251785
829,2002-04-09,-2.370752521,-0.37187581,-2.50920026,1.422430741
830,2002-04-10,-0.501528487,-0.929532001,0.249592957,0.464967873
831,2002-04-11,-0.703737755,0.016069314,-0.286005526,0.744369329
832,2002-04-12,-0.565015193,1.437409706,-0.87880935,-0.864708472
833,2002-04-13,-0.313108556,0.514021468,-1.496109595,-0.484624569
834,2002-04-14,-1.237107058,-2.102785897,-1.127898449,-1.406600684
835,2002-04-15,-1.345334181,0.705905103,-0.134835335,0.684320604
836,2002-04-16,-1.298963927,0.573505513,-0.360092746,1.250305402
837,2002-04-17,-1.068926951,-0.783858606,-0.246860949,0.182366605
838,2002-04-18,0.204667734,-0.196743633,-0.360745419,-2.03041209
839,2002-04-19,0.171894762,0.742872441,-0.1547292,-1.544389743
840,2002-04-20,-1.758451328,-0.232789513,0.794280794,0.622592493
841,2002-04-21,-0.23650066,0.57338177,-1.231565785,0.513065184
842,2002-04-22,0.018177063,0.361777925,-0.513953257,0.49271481
843,2002-04-23,-0.253305055,0.758465637,0.331081371,-1.35590754
844,2002-04-24,-1.493477561,0.227602182,1.51588402,0.213397986
845,2002-04-25,1.178071852,0.777650097,0.091140162,0.054931015
846,2002-04-26,-1.237898074,0.848718238,-0.823399991,2.806571909
847,2002-04-27,0.769107763,1.16944975,-0.10379066,1.693153703
848,2002-04-28,0.147841489,-1.710419937,1.870051193,-0.159161476
849,2002-04-29,0.856748861,-1.628273493,0.880674748,0.648743312
850,2002-04-30,-1.556678212,0.981102064,-1.113296399,0.284444187
851,2002-05-01,-0.410187191,-0.174972645,-1.171768838,0.403292094
852,2002-05-02,-0.390744047,-1.256448466,-0.091586759,0.701676777
853,2002-05-03,0.539452595,1.70997867,-0.964726514,-0.432367584
854,2002-05-04,0.632926554,0.047837628,0.840214167,-0.349497211
855,2002-05-05,0.86799635,-1.465214625,-2.09058221,0.249221018
856,2002-05-06,1.042736553,0.324134715,-0.187883586,0.263876768
857,2002-05-07,0.121824044,-0.102982674,0.125135638,1.290331927
858,2002-05-08,-0.109342129,0.436250307,-0.836420189,0.503597693
859,2002-05-09,-0.574560971,0.210497712,-0.479748858,1.354484802
860,2002-05-10,1.076639818,0.260667177,-0.995713684,1.894854704
861,2002-05-11,-0.512165718,-0.146325221,-0.239995721,1.712592435
862,2002-05-12,-0.518739146,-0.171133828,0.777411889,-0.256850885
863,2002-05-13,-0.882524353,0.008527946,0.431393722,-0.852734207
864,2002-05-14,1.958019939,0.008863511,0.352177032,1.739932339
865,2002-05-15,0.007917437,1.119466753,0.766154545,-0.099079863
866,2002-05-16,1.095741121,1.94044714,0.594742043,-0.229741303
867,2002-05-17,-0.216973314,1.098284463,-1.382075228,0.157121706
868,2002-05-18,-0.120565989,0.238048653,-0.447807904,-0.102106901
869,2002-05-19,0.129556635,-0.751492639,0.324554727,1.41441668
870,2002-05-20,0.994688277,0.685244604,-0.183845985,-0.955171001
871,2002-05-21,-0.180900942,0.498493345,-0.168325365,-0.564669
872,2002-05-22,-0.255849155,-0.989506418,1.374715098,-0.163294562
873,2002-05-23,-0.634637026,-1.053572562,0.052170178,1.194734592
874,2002-05-24,1.123006718,-0.967325648,-1.202288428,0.901438644
875,2002-05-25,-0.546168194,-0.633556742,1.732083873,0.549689081
876,2002-05-26,-1.11313734,-2.154050027,0.340675427,-0.675824026
877,2002-05-27,0.020690745,0.555897626,0.715116766,1.952826212
878,2002-05-28,0.554216886,-0.359761236,-0.473599315,-0.516984518
879,2002-05-29,-2.004073913,-1.504359477,-0.756135701,-0.486515626
880,2002-05-30,-0.289584277,-0.848706398,1.65098796,1.679072595
881,2002-05-31,0.147752275,1.604581324,0.874322854,-0.011826564
882,2002-06-01,1.334113878,0.642820798,0.400849674,-0.110894352
883,2002-06-02,-0.472894465,0.673688408,0.555335634,0.093597832
884,2002-06-03,-0.275765369,1.377852419,0.937277452,0.914398146
885,2002-06-04,0.239233617,1.282587798,-0.762202389,-1.313865848
886,2002-06-05,1.053568,-0.748265474,-0.372480721,1.947606947
887,2002-06-06,-1.307925361,-0.426437042,-0.56905456,-0.39179127
888,2002-06-07,-0.017419236,1.092340704,0.354595256,-0.142430125
889,2002-06-08,-0.366736262,0.16615467,2.490379475,-0.063994968
890,2002-06-09,1.391864728,0.741354313,-2.057609977,-2.726309984
891,2002-06-10,-0.120735629,0.974580697,-1.254278886,1.15693127
892,2002-06-11,0.904828531,-0.126064292,-0.775724444,-1.229865139
893,2002-06-12,0.960950875,2.13431483,-1.249754798,-0.794141432
894,2002-06-13,1.905784189,-1.097829164,-0.418063904,0.741534751
895,2002-06-14,-0.753635763,-0.177942534,-1.333893083,2.184709766
896,2002-06-15,0.300400751,-0.081147541,-0.77431362,-0.622309948
897,2002-06-16,0.977138644,0.77149269,-1.284646443,-1.231947824
898,2002-06-17,-1.369640829,-1.184400211,1.654783987,0.184461761
899,2002-06-18,1.686574983,-0.991826384,-1.080520217,-0.006735037
900,2002-06-19,-1.061523774,-1.771522187,0.536651513,-0.454033072
901,2002-06-20,-1.157382895,-1.795116397,-1.199321122,0.05615653
902,2002-06-21,-1.172616617,0.387649448,0.120999045,-2.518938376
903,2002-06-22,0.297304362,0.15603651,-1.826698352,0.665006246
904,2002-06-23,-0.788980794,-1.014578363,0.404712527,-0.066396549
905,2002-06-24,0.46302229,-0.093128474,0.24989046,-0.970123435
906,2002-06-25,0.180474829,-0.058794775,0.165078601,-0.142055141
907,2002-06-26,0.90140768,0.747904982,-0.196438236,-0.559638026
908,2002-06-27,-0.638200093,-1.052429717,-0.549074022,-2.267497605
909,2002-06-28,1.066877646,1.525366241,-0.449389224,0.283805149
910,2002-06-29,-0.254930639,-1.374542919,0.414057177,-2.154710278
911,2002-06-30,-0.049361008,-0.327744357,-0.353496691,-0.090240386
912,2002-07-01,1.486359023,0.834704809,1.113699433,-1.416105368
913,2002-07-02,-2.017368887,-0.723195829,-0.624529435,-0.491036601
914,2002-07-03,-0.971436981,0.054060431,-0.475193141,-1.261534338
915,2002-07-04,1.205948485,0.648235863,-0.031734002,-0.648735003
916,2002-07-05,0.590312232,1.06903206,0.235458182,1.231878703
917,2002-07-06,0.128894474,1.820135955,0.668890339,-0.21724334
918,2002-07-07,-1.054199511,2.383399564,0.702490522,0.763443236
919,2002-07-08,-1.530556926,-0.675074837,-0.57740207,-0.877528273
920,2002-07-09,-0.072813784,-0.355395382,0.343856009,0.003010863
921,2002-07-10,0.147348612,-0.269861216,0.349977577,-0.352260188
922,2002-07-11,0.161966934,2.169883165,-0.498652101,-0.74656671
923,2002-07-12,-1.203778929,0.076280365,0.997116611,-0.862937239
924,2002-07-13,0.98795556,-0.297675761,1.262000341,-0.152086512
925,2002-07-14,-0.266694017,0.270542044,0.761775043,0.45373875
926,2002-07-15,-0.634588912,0.419902516,2.308077284,-0.557602357
927,2002-07-16,-0.624898375,1.001865523,-0.73892808,2.442447262
928,2002-07-17,1.158991792,1.220534903,-0.428810165,-1.272158616
929,2002-07-18,0.118548403,0.675486264,0.443051506,-0.106252839
930,2002-07-19,0.262531013,1.026434557,-0.76989351,0.671141398
931,2002-07-20,-0.393248442,-0.932160849,0.899596386,-1.710781437
932,2002-07-21,-0.228647991,-1.235788923,0.355709066,-0.644416913
933,2002-07-22,-0.833844024,2.196850514,0.186702756,0.61241526
934,2002-07-23,1.475165657,-0.247818398,-0.760244923,-0.487572802
935,2002-07-24,-0.509030791,0.734754845,0.736368427,0.807751025
936,2002-07-25,1.354689588,0.069328123,1.003005687,-0.835985927
937,2002-07-26,1.884714667,0.636363547,-0.668516353,-0.586694029
938,2002-07-27,-1.446530848,-0.165682741,-0.250219442,-1.589304159
939,2002-07-28,-0.654327546,0.265057572,-1.714836434,-0.310508973
940,2002-07-29,-0.672140183,0.590688184,-1.22407085,1.050124404
941,2002-07-30,0.546865916,-0.1611303,1.255090994,-0.162360789
942,2002-07-31,0.638731351,1.619062715,-0.156363388,-1.433806659
943,2002-08-01,-0.25383878,-0.707586958,-1.228227547,0.166928942
944,2002-08-02,-0.479998033,-0.227509755,-0.00430999,-0.427412779
945,2002-08-03,-1.981294857,-0.2084244,1.42328648,-0.220581451
946,2002-08-04,-0.294404249,-0.439520159,-0.112415695,-1.553349526
947,2002-08-05,0.611497389,2.61821145,1.775402657,1.199814661
948,2002-08-06,-0.825914166,0.602744761,0.290895753,2.038426884
949,2002-08-07,2.309808613,-0.131540175,-0.737028278,-0.655840929
950,2002-08-08,-0.153912052,-1.150430768,0.163424212,0.312616398
951,2002-08-09,0.004034044,0.256369748,1.21445708,-0.725402745
952,2002-08-10,-0.13886862,1.053386087,-0.002666162,0.092099527
953,2002-08-11,2.883918694,1.626665153,1.02055787,0.921622024
954,2002-08-12,0.265769884,0.118466895,-1.247757345,2.533278129
955,2002-08-13,-1.923548857,-1.374820712,-1.01226361,1.642169172
956,2002-08-14,0.227303864,-0.368065898,1.373385245,-0.884558563
957,2002-08-15,0.765096675,-1.397459905,-0.259331887,-0.881184554
958,2002-08-16,-0.42826262,0.26493138,0.494228692,-2.564364244
959,2002-08-17,1.944469403,0.900349705,-0.200937897,-0.760371036
960,2002-08-18,-0.757023248,-0.209486901,-0.880299846,0.740464361
961,2002-08-19,-0.369690066,-1.028162147,-0.344429792,2.09504845
962,2002-08-20,0.840240371,0.18247078,-0.271413663,-0.938121247
963,2002-08-21,-1.267846505,-1.748878276,0.486892718,0.167995738
964,2002-08-22,0.327255438,-1.237657376,-1.13547547,-0.607077368
965,2002-08-23,0.963294323,-0.108973863,0.270749367,-0.258459967
966,2002-08-24,-0.703946265,-1.364154116,2.372785627,-0.53602852
967,2002-08-25,1.130270132,0.593394492,0.851256272,-1.033485576
968,2002-08-26,-2.598160252,-1.308895302,-1.55138933,1.08475852
969,2002-08-27,-0.130890701,-0.214908727,-1.030337204,0.498593769
970,2002-08-28,-0.94555061,1.420894985,-0.589777688,0.68348188
971,2002-08-29,-1.225698827,0.393891726,-0.50137633,-2.230748348
972,2002-08-30,0.802524949,1.701675376,-0.602444767,-0.81076186
973,2002-08-31,-0.231610022,0.240685316,0.060443852,-0.06413526
974,2002-09-01,-0.038231649,-0.262957556,-1.334062156,1.496057831
975,2002-09-02,1.032861686,-0.41414251,-0.181952572,-0.69239392
976,2002-09-03,-2.383108357,-0.502582893,0.637457951,0.736151889
977,2002-09-04,0.880474798,0.95975894,-0.524594538,1.52584108
978,2002-09-05,1.376325797,-0.045998214,-0.243696192,-0.508514152
979,2002-09-06,-0.606429323,0.156255423,-0.042846921,0.831485322
980,2002-09-07,0.305145576,1.996391149,0.684396621,-0.120200345
981,2002-09-08,-0.437734066,-1.384751762,-0.599393655,1.017044131
982,2002-09-09,-0.604484941,-0.158499754,-0.97033438,-0.605929701
983,2002-09-10,1.478641947,-0.813482256,-0.97952788,1.810999125
984,2002-09-11,1.775791777,1.126894765,0.50061792,-0.651669361
985,2002-09-12,-0.296569155,0.605436937,-0.231708267,0.279034934
986,2002-09-13,-0.467640341,-0.326575358,-0.979492451,0.931248092
987,2002-09-14,0.593389088,1.268348434,-0.577692963,-0.174679103
988,2002-09-15,-0.603347975,1.642517362,1.012129161,-0.312619612
989,2002-09-16,0.049240432,-2.714692872,-0.729409727,0.065314295
990,2002-09-17,1.151561654,0.841400607,-0.81382347,0.583116556
991,2002-09-18,0.190293344,1.71024545,-0.297923767,-2.05415821
992,2002-09-19,-0.244447555,-1.09052583,0.976215955,-0.862612298
993,2002-09-20,0.350934399,1.748256813,1.531208804,0.624108635
994,2002-09-21,-0.039353822,-0.301679149,-0.842648986,-0.085582216
995,2002-09-22,1.013896531,-0.288679717,-0.342295182,-0.638536813
996,2002-09-23,-0.642658867,-0.104725188,-0.631828928,-0.909482889
997,2002-09-24,0.370135743,0.233218509,0.535896757,-1.552604668
998,2002-09-25,0.183338996,1.285783275,-1.052593012,-2.565843638
999,2002-09-26,0.775133195,-0.85037428,0.486728045,-1.053426607
